size,model,runtime
604.7,Pegasos QSVC,385.849050283432
1209.4,Pegasos QSVC,443.55816078186035
1814.1000000000004,Pegasos QSVC,445.03990721702576
2418.8,Pegasos QSVC,485.5715696811676
3023.5,Pegasos QSVC,423.1863040924072
3628.2,Pegasos QSVC,445.94055795669556
4232.900000000001,Pegasos QSVC,452.92196679115295
4837.6,Pegasos QSVC,445.1350471973419
5442.3,Pegasos QSVC,478.1924238204956
6047.0,Pegasos QSVC,504.62641954421997
