size,model,runtime
49.1,Pegasos QSVC,341.0339345932007
98.2,Pegasos QSVC,647.2138442993164
147.3,Pegasos QSVC,718.9219601154327
196.4,Pegasos QSVC,709.6455020904541
245.5,Pegasos QSVC,822.6409368515015
294.59999999999997,Pegasos QSVC,760.3605978488922
343.70000000000005,Pegasos QSVC,1034.735651254654
392.8,Pegasos QSVC,1096.731648683548
441.90000000000003,Pegasos QSVC,1138.731392621994
491.0,Pegasos QSVC,743.2672624588013
