size,model,runtime
49.1,SVC_poly_5,0.0030736923217773438
98.2,SVC_poly_5,0.004049062728881836
147.3,SVC_poly_5,0.004906654357910156
196.4,SVC_poly_5,0.014872312545776367
245.5,SVC_poly_5,0.025496482849121094
294.59999999999997,SVC_poly_5,0.0364832878112793
343.70000000000005,SVC_poly_5,0.024744510650634766
392.8,SVC_poly_5,0.04846549034118652
441.90000000000003,SVC_poly_5,0.06740999221801758
491.0,SVC_poly_5,0.0991063117980957
