num_features,model,runtime
2.0,vqc_su2_cobyla,428.36879563331604
3.0,vqc_su2_cobyla,707.956262588501
4.0,vqc_su2_cobyla,1041.6057770252228
5.0,vqc_su2_cobyla,1464.540962934494
