f1_test,f1_train,prec_train,prec_test,recall_train,recall_test,elapsed,model,tau,C
0.3186813186813187,0.7533039647577093,0.9715909090909091,0.2396694214876033,0.6151079136690647,0.47540983606557374,369.4240691661835,Pegasos QSVC,400,200
