f1_test,f1_train,prec_train,prec_test,recall_train,recall_test,elapsed,model,tau,C
0.1988950276243094,0.6987447698744771,0.835,0.11960132890365449,0.6007194244604317,0.5901639344262295,17.58069372177124,Pegasos QSVC,100,750
