f1_test,f1_train,prec_train,prec_test,recall_train,recall_test,elapsed,model,tau,C
0.17346938775510204,0.685466377440347,0.8633879781420765,0.1027190332326284,0.5683453237410072,0.5573770491803278,7.153496980667114,Pegasos QSVC,50,500
