f1_test,f1_train,prec_train,prec_test,recall_train,recall_test,elapsed,model,tau,C
0.5988700564971752,0.7554744525547445,0.6179104477611941,0.4344262295081967,0.971830985915493,0.9636363636363636,165.84678506851196,Pegasos QSVC,200,100
