f1_test,f1_train,prec_train,prec_test,recall_train,recall_test,elapsed,model,tau,C
0.16374269005847952,0.7962264150943398,0.8373015873015873,0.09292035398230089,0.7589928057553957,0.6885245901639344,90.74628615379333,Pegasos QSVC,200,100
