f1_test,f1_train,prec_train,prec_test,recall_train,recall_test,elapsed,model,tau,C
0.06951340615690169,0.5280289330922242,0.5309090909090909,0.03699788583509514,0.5251798561151079,0.5737704918032787,0.6679837703704834,Pegasos QSVC,10,500
