f1_test,f1_train,prec_train,prec_test,recall_train,recall_test,elapsed,model,tau,C
0.09966216216216219,0.8035450516986705,0.681704260651629,0.05253784505788068,0.9784172661870504,0.9672131147540983,176.57350897789001,Pegasos QSVC,300,200
