f1_test,f1_train,prec_train,prec_test,recall_train,recall_test,elapsed,model,tau,C
0.06715165081141579,0.7260812581913499,0.5711340206185567,0.03476245654692932,0.9964028776978417,0.9836065573770492,197.39439368247986,Pegasos QSVC,300,100
