f1_test,f1_train,prec_train,prec_test,recall_train,recall_test,elapsed,model,tau,C
0.21176470588235297,0.3695014662756599,1.0,0.375,0.22661870503597123,0.14754098360655737,416.1813099384308,Pegasos QSVC,400,1000
