f1_test,f1_train,prec_train,prec_test,recall_train,recall_test,elapsed,model,tau,C
0.059259259259259255,0.41810344827586204,0.521505376344086,0.03257328990228013,0.3489208633093525,0.32786885245901637,1.6885778903961182,Pegasos QSVC,20,500
