f1_test,f1_train,prec_train,prec_test,recall_train,recall_test,elapsed,model,tau,C
0.0594541910331384,0.6714975845410629,0.5054545454545455,0.03063787041687594,1.0,1.0,7.775248765945435,Pegasos QSVC,50,100
