f1_test,f1_train,prec_train,prec_test,recall_train,recall_test,elapsed,model,tau,C
0.05925206410879067,0.6690734055354993,0.5027124773960217,0.03053053053053053,1.0,1.0,4.230522871017456,Pegasos QSVC,50,1000
