f1_test,f1_train,prec_train,prec_test,recall_train,recall_test,elapsed,model,tau,C
0.37209302325581395,0.6494252873563219,0.837037037037037,0.5161290322580645,0.5305164319248826,0.2909090909090909,320.8358690738678,Pegasos QSVC,300,500
