size,model,runtime
49.1,vqc_su2_spsa,652.7054512500763
112.22857142857144,vqc_su2_spsa,1461.3977324962616
175.3571428571429,vqc_su2_spsa,2276.164389848709
238.48571428571432,vqc_su2_spsa,3078.8293278217316
301.61428571428576,vqc_su2_spsa,3667.644431114197
364.74285714285713,vqc_su2_spsa,4612.688653230667
427.8714285714286,vqc_su2_spsa,5383.512592077255
491.0,vqc_su2_spsa,6139.31817984581
