num_features,model,runtime
2.0,vqc_su2_spsa,433.9680144786835
3.0,vqc_su2_spsa,691.59840965271
4.0,vqc_su2_spsa,1056.0970487594604
5.0,vqc_su2_spsa,1879.5183901786804
6.0,vqc_su2_spsa,2781.881721019745
