num_features,model,runtime
2.0,Pegasos QSVC,2.825963020324707
3.0,Pegasos QSVC,4.712021827697754
4.0,Pegasos QSVC,11.134689092636108
5.0,Pegasos QSVC,10.88993501663208
6.0,Pegasos QSVC,22.132758855819702
