num_features,model,runtime
1.0,SVC_linear,0.011405467987060547
2.0,SVC_linear,0.011774301528930664
3.0,SVC_linear,0.011278629302978516
4.0,SVC_linear,0.010648965835571289
5.0,SVC_linear,0.009748220443725586
6.0,SVC_linear,0.009241580963134766
1.0,SVC_rbf,0.019105195999145508
2.0,SVC_rbf,0.020667314529418945
3.0,SVC_rbf,0.019893884658813477
4.0,SVC_rbf,0.015365839004516602
5.0,SVC_rbf,0.013959169387817383
6.0,SVC_rbf,0.0131683349609375
