num_features,model,runtime
1.0,SVC_linear,0.19427990913391113
2.0,SVC_linear,0.1996622085571289
3.0,SVC_linear,0.20252275466918945
4.0,SVC_linear,0.21204614639282227
5.0,SVC_linear,0.22165632247924805
6.0,SVC_linear,0.254749059677124
1.0,SVC_rbf,0.3482067584991455
2.0,SVC_rbf,0.42241930961608887
3.0,SVC_rbf,0.5215165615081787
4.0,SVC_rbf,0.6143796443939209
5.0,SVC_rbf,0.5515916347503662
6.0,SVC_rbf,0.512706995010376
