num_features,model,runtime
1.0,SVC_linear,0.23962068557739258
2.0,SVC_linear,0.24330496788024902
3.0,SVC_linear,0.27678513526916504
4.0,SVC_linear,0.2668161392211914
5.0,SVC_linear,0.2823934555053711
6.0,SVC_linear,0.2940981388092041
1.0,SVC_rbf,0.49930477142333984
2.0,SVC_rbf,0.5837781429290771
3.0,SVC_rbf,0.6509525775909424
4.0,SVC_rbf,0.6921906471252441
5.0,SVC_rbf,0.6397132873535156
6.0,SVC_rbf,0.6179687976837158
