num_features,model,runtime
1.0,SVC_poly_3,0.01100921630859375
2.0,SVC_poly_3,0.01599264144897461
3.0,SVC_poly_3,0.024599075317382812
4.0,SVC_poly_3,0.015567779541015625
5.0,SVC_poly_3,0.011298179626464844
6.0,SVC_poly_3,0.009056329727172852
