num_features,model,runtime
1.0,SVC_linear,0.18639874458312988
2.0,SVC_linear,0.13590431213378906
3.0,SVC_linear,0.13443303108215332
4.0,SVC_linear,0.1302189826965332
5.0,SVC_linear,0.14901447296142578
6.0,SVC_linear,0.15476250648498535
1.0,SVC_rbf,0.297762393951416
2.0,SVC_rbf,0.3032562732696533
3.0,SVC_rbf,0.37853336334228516
4.0,SVC_rbf,0.4000370502471924
5.0,SVC_rbf,0.36939311027526855
6.0,SVC_rbf,0.3552408218383789
