num_features,model,runtime
1.0,SVC_linear,0.019275188446044922
2.0,SVC_linear,0.026572704315185547
3.0,SVC_linear,0.0177915096282959
4.0,SVC_linear,0.01608896255493164
5.0,SVC_linear,0.01444101333618164
6.0,SVC_linear,0.014071464538574219
1.0,SVC_rbf,0.02641129493713379
2.0,SVC_rbf,0.03681659698486328
3.0,SVC_rbf,0.02540755271911621
4.0,SVC_rbf,0.02085399627685547
5.0,SVC_rbf,0.018141508102416992
6.0,SVC_rbf,0.017189979553222656
