size,model,runtime,data
49.1,vqc_su2_spsa,652.7054512500763,diabetes
112.22857142857144,vqc_su2_spsa,1461.3977324962616,diabetes
175.3571428571429,vqc_su2_spsa,2276.164389848709,diabetes
238.48571428571432,vqc_su2_spsa,3078.829327821732,diabetes
301.61428571428576,vqc_su2_spsa,3667.644431114197,diabetes
364.74285714285713,vqc_su2_spsa,4612.688653230667,diabetes
427.8714285714286,vqc_su2_spsa,5383.512592077255,diabetes
491.0,vqc_su2_spsa,6139.31817984581,diabetes
