size,model,runtime,data
72.0,vqc_su2_cobyla,204.03936052322388,raisin
164.57142857142858,vqc_su2_cobyla,486.6940438747406,raisin
257.1428571428572,vqc_su2_cobyla,725.5822093486786,raisin
349.7142857142858,vqc_su2_cobyla,954.7077131271362,raisin
442.28571428571433,vqc_su2_cobyla,1232.6548874378204,raisin
534.8571428571429,vqc_su2_cobyla,1453.7398118972778,raisin
627.4285714285716,vqc_su2_cobyla,1697.3065013885498,raisin
720.0,vqc_su2_cobyla,2016.719854593277,raisin
