size,model,runtime,data
72.0,vqc_su2_cobyla,204.03936052322388,room
164.57142857142858,vqc_su2_cobyla,486.6940438747406,room
257.1428571428572,vqc_su2_cobyla,725.5822093486786,room
349.7142857142858,vqc_su2_cobyla,954.7077131271362,room
442.28571428571433,vqc_su2_cobyla,1232.6548874378204,room
534.8571428571429,vqc_su2_cobyla,1453.7398118972778,room
627.4285714285716,vqc_su2_cobyla,1697.3065013885498,room
720.0,vqc_su2_cobyla,2016.719854593277,room
