f1_test,f1_train,prec_train,prec_test,recall_train,recall_test,model
0.39118457300275483,0.6846153846153846,0.6811224489795918,0.26492537313432835,0.6881443298969072,0.7473684210526316,Logistic Regression
