f1_test,f1_train,prec_train,prec_test,recall_train,recall_test,model
0.45141065830721,0.7209302325581396,0.7227979274611399,0.32142857142857145,0.7190721649484536,0.7578947368421053,Naive Bayes
