f1_test,f1_train,prec_train,prec_test,recall_train,recall_test,model,elapsed
0.64,0.7139784946236559,0.6587301587301587,0.5714285714285714,0.7793427230046949,0.7272727272727273,Decision Tree,0.00917673110961914
