f1_test,f1_train,prec_train,prec_test,recall_train,recall_test,model,elapsed
0.624113475177305,0.7587719298245613,0.7119341563786008,0.5116279069767442,0.812206572769953,0.8,Decision Tree,0.005157947540283203
