f1_test,f1_train,prec_train,prec_test,recall_train,recall_test,model,elapsed
0.64,0.6747572815533981,0.6984924623115578,0.5714285714285714,0.6525821596244131,0.7272727272727273,Naive Bayes,0.0060498714447021484
