f1_test,f1_train,prec_train,prec_test,recall_train,recall_test,model,elapsed
0.6842105263157895,0.62,0.6631016042780749,0.6610169491525424,0.5821596244131455,0.7090909090909091,Naive Bayes,0.007441997528076172
