f1_test,f1_train,prec_train,prec_test,recall_train,recall_test,model,elapsed
0.288,0.9581056466302368,0.9704797047970479,0.17197452229299362,0.9460431654676259,0.8852459016393442,QSVC,1816.435473203659
