f1_test,f1_train,prec_train,prec_test,recall_train,recall_test,model,elapsed
0.6491228070175439,0.8628428927680798,0.9202127659574468,0.6271186440677966,0.812206572769953,0.6727272727272727,Random Forest,0.13039350509643555
