f1_test,f1_train,prec_train,prec_test,recall_train,recall_test,model,elapsed
0.6771653543307087,0.91725768321513,0.9238095238095239,0.5972222222222222,0.9107981220657277,0.7818181818181819,Random Forest,0.09260940551757812
