f1_test,f1_train,prec_train,prec_test,recall_train,recall_test,model,elapsed
0.6666666666666665,0.8653846153846154,0.8866995073891626,0.6440677966101694,0.8450704225352113,0.6909090909090909,Random Forest,0.06934189796447754
