f1_test,f1_train,prec_train,prec_test,recall_train,recall_test,model,elapsed
0.6363636363636364,0.8405063291139241,0.9120879120879121,0.6363636363636364,0.7793427230046949,0.6363636363636364,SVC,0.14952445030212402
