f1_test,f1_train,prec_train,prec_test,recall_train,recall_test,elapsed,model,tau,C
0.2207792207792208,0.23545706371191136,0.7352941176470589,0.7083333333333334,0.14017150395778363,0.13076923076923078,0.45934057235717773,Pegasos QSVC,10,100
