f1_test,f1_train,prec_train,prec_test,recall_train,recall_test,elapsed,model,tau,C
0.2937853107344633,0.6077348066298343,0.6547619047619048,0.20077220077220076,0.5670103092783505,0.5473684210526316,111.54637598991394,Pegasos QSVC,100,200
