f1_test,f1_train,prec_train,prec_test,recall_train,recall_test,elapsed,model,tau,C
0.29652996845425866,0.5631349782293179,0.6445182724252492,0.21171171171171171,0.5,0.49473684210526314,89.552663564682,Pegasos QSVC,100,500
