f1_test,f1_train,prec_train,prec_test,recall_train,recall_test,elapsed,model,tau,C
0.2894736842105263,0.6596858638743456,0.6702127659574468,0.19298245614035087,0.6494845360824743,0.5789473684210527,339.1851215362549,Pegasos QSVC,200,750
