f1_test,f1_train,prec_train,prec_test,recall_train,recall_test,elapsed,model,tau,C
0.28761061946902655,0.637469586374696,0.6036866359447005,0.18207282913165265,0.6752577319587629,0.6842105263157895,25.261763095855713,Pegasos QSVC,50,500
