f1_test,f1_train,prec_train,prec_test,recall_train,recall_test,elapsed,model,tau,C
0.020618556701030927,0.14691943127962084,0.9117647058823529,0.5,0.07989690721649484,0.010526315789473684,383.5800323486328,Pegasos QSVC,200,200
