f1_test,f1_train,prec_train,prec_test,recall_train,recall_test,elapsed,model,tau,C
0.26369168356997974,0.5875440658049353,0.5399568034557235,0.16331658291457288,0.6443298969072165,0.6842105263157895,0.9318954944610596,Pegasos QSVC,10,200
