f1_test,f1_train,prec_train,prec_test,recall_train,recall_test,elapsed,model,tau,C
0.27868852459016397,0.5387755102040817,0.5706051873198847,0.1881918819188192,0.5103092783505154,0.5368421052631579,4.151790380477905,Pegasos QSVC,20,500
