f1_test,f1_train,prec_train,prec_test,recall_train,recall_test,elapsed,model,tau,C
0.2749731471535983,0.2904722904722905,0.8431061806656102,0.847682119205298,0.17546174142480211,0.1641025641025641,11.152599096298218,Pegasos QSVC,50,500
