f1_test,f1_train,prec_train,prec_test,recall_train,recall_test,elapsed,model,tau,C
0.41130298273155413,0.4319003615910004,0.552415210688592,0.5303643724696356,0.3545514511873351,0.33589743589743587,0.5174198150634766,Pegasos QSVC,10,1000
