f1_test,f1_train,prec_train,prec_test,recall_train,recall_test,elapsed,model,tau,C
0.2826666666666667,0.5808219178082191,0.6198830409356725,0.18928571428571428,0.5463917525773195,0.5578947368421052,21.141133785247803,Pegasos QSVC,50,750
