f1_test,f1_train,prec_train,prec_test,recall_train,recall_test,elapsed,model,tau,C
0.5582655826558266,0.5568397446955322,0.5837251356238699,0.5919540229885057,0.5323218997361477,0.5282051282051282,9.18558931350708,Pegasos QSVC,50,1000
