f1_test,f1_train,prec_train,prec_test,recall_train,recall_test,elapsed,model,tau,C
0.2684563758389262,0.6239067055393587,0.7181208053691275,0.19704433497536947,0.5515463917525774,0.42105263157894735,302.7003400325775,Pegasos QSVC,200,1000
