f1_test,f1_train,prec_train,prec_test,recall_train,recall_test,elapsed,model,tau,C
0.2413087934560327,0.6100116414435389,0.5562632696390658,0.14974619289340102,0.6752577319587629,0.6210526315789474,1.4798109531402588,Pegasos QSVC,10,500
