f1_test,f1_train,prec_train,prec_test,recall_train,recall_test,elapsed,model,tau,C
0.5808770668583754,0.5848573518653988,0.6564039408866995,0.6612111292962357,0.5273746701846965,0.517948717948718,9.48349142074585,Pegasos QSVC,50,200
