f1_test,f1_train,prec_train,prec_test,recall_train,recall_test,elapsed,model,tau,C
0.537602382725242,0.5280855941918228,0.6276112624886467,0.6412078152753108,0.4558047493403694,0.46282051282051284,1.2341461181640625,Pegasos QSVC,20,1000
