f1_test,f1_train,prec_train,prec_test,recall_train,recall_test,elapsed,model,tau,C
0.5709342560553633,0.5699723314402214,0.5102998696219035,0.5188679245283019,0.6454485488126649,0.6346153846153846,0.3925347328186035,Pegasos QSVC,10,750
