num_features,model,runtime
2.0,Pegasos QSVC,80.38094425201416
3.0,Pegasos QSVC,142.50684356689453
4.0,Pegasos QSVC,217.00701379776
5.0,Pegasos QSVC,341.24772548675537
6.0,Pegasos QSVC,482.01452374458313
7.0,Pegasos QSVC,620.345358133316
