num_features,model,runtime
2.0,Pegasos QSVC,37.00353717803955
3.0,Pegasos QSVC,74.7949891090393
4.0,Pegasos QSVC,143.07357692718506
5.0,Pegasos QSVC,105.99142098426819
6.0,Pegasos QSVC,183.26520824432373
7.0,Pegasos QSVC,257.06362295150757
8.0,Pegasos QSVC,388.3267409801483
