num_features,model,runtime
2.0,QSVC,298.3625977039337
3.0,QSVC,534.0221221446991
4.0,QSVC,873.8990898132324
5.0,QSVC,1308.7385804653168
6.0,QSVC,1935.2609033584595
