num_features,model,runtime
1.0,SVC_poly_5,0.20093870162963867
2.0,SVC_poly_5,0.10478758811950684
3.0,SVC_poly_5,0.671165943145752
4.0,SVC_poly_5,0.35324668884277344
5.0,SVC_poly_5,0.11755156517028809
6.0,SVC_poly_5,0.236328125
7.0,SVC_poly_5,0.18223023414611816
8.0,SVC_poly_5,0.07586932182312012
