size,model,runtime
800.0,vqc_su2_spsa,3467.154985666275
1828.5714285714287,vqc_su2_spsa,7820.051334857941
2857.142857142858,vqc_su2_spsa,12057.848566055298
3885.7142857142862,vqc_su2_spsa,16101.50909614563
4914.285714285715,vqc_su2_spsa,19984.594170570374
5942.857142857143,vqc_su2_spsa,22637.83733010292
6971.4285714285725,vqc_su2_spsa,27302.24804997444
8000.0,vqc_su2_spsa,31908.476182699203
