f1_test,f1_train,prec_train,prec_test,recall_train,recall_test,elapsed,model,tau,C
0.962162162162162,0.9766266582438408,0.9735516372795968,0.9518716577540108,0.9797211660329532,0.9726775956284152,70.39848017692566,Pegasos QSVC,300,750
