f1_test,f1_train,prec_train,prec_test,recall_train,recall_test,model,elapsed
0.9682539682539683,0.9868667917448405,0.9740740740740741,0.9384615384615385,1.0,1.0,QSVC,41142.298698186874
