f1_test,f1_train,prec_train,prec_test,recall_train,recall_test,model,elapsed
0.973404255319149,0.999366687777074,0.9987341772151899,0.9481865284974094,1.0,1.0,Random Forest,0.14709091186523438
