f1_test,f1_train,prec_train,prec_test,recall_train,recall_test,model,elapsed
0.9708222811671088,0.9974715549936789,0.9949558638083228,0.9432989690721649,1.0,1.0,Random Forest,0.11312150955200195
