f1_test,f1_train,prec_train,prec_test,recall_train,recall_test,model,elapsed
0.9656992084432717,0.9868667917448405,0.9740740740740741,0.9336734693877551,1.0,1.0,SVC,0.02994990348815918
