num_features,model,runtime
2.0,Pegasos QSVC,13.811245679855347
3.0,Pegasos QSVC,19.94576382637024
4.0,Pegasos QSVC,19.589895963668823
5.0,Pegasos QSVC,45.69813585281372
