num_features,model,runtime
2.0,QSVC,11266.557144165039
3.0,QSVC,15409.895641088486
4.0,QSVC,24624.949368476868
5.0,QSVC,38899.943573236465
