num_features,model,runtime
1.0,SVC_linear,0.05200052261352539
2.0,SVC_linear,0.037003278732299805
3.0,SVC_linear,0.016229629516601562
4.0,SVC_linear,0.01280832290649414
5.0,SVC_linear,0.015199422836303711
