num_features,model,runtime
1.0,SVC_linear,0.055846214294433594
2.0,SVC_linear,0.047084808349609375
3.0,SVC_linear,0.02238178253173828
4.0,SVC_linear,0.01798701286315918
5.0,SVC_linear,0.021518707275390625
1.0,SVC_rbf,0.12064337730407715
2.0,SVC_rbf,0.07868576049804688
3.0,SVC_rbf,0.019115447998046875
4.0,SVC_rbf,0.019260644912719727
5.0,SVC_rbf,0.023825645446777344
