f1_test,f1_train,prec_train,prec_test,recall_train,recall_test,elapsed,model,tau,C
0.2779456193353474,0.7228207639569051,0.5829383886255924,0.16225749559082892,0.9510309278350515,0.968421052631579,504.482812166214,Pegasos QSVC,200,10
