f1_test,f1_train,prec_train,prec_test,recall_train,recall_test,elapsed,model,tau,C
0.24934383202099739,0.6666666666666666,0.5,0.1424287856071964,1.0,1.0,0.00023055076599121094,Pegasos QSVC,1,1000
