f1_test,f1_train,prec_train,prec_test,recall_train,recall_test,elapsed,model,tau,C
0.2513368983957219,0.6881720430107527,0.5274725274725275,0.1439509954058193,0.9896907216494846,0.9894736842105263,388.4741060733795,Pegasos QSVC,200,100
