f1_test,f1_train,prec_train,prec_test,recall_train,recall_test,elapsed,model,tau,C
0.2509907529722589,0.6856127886323268,0.5230352303523035,0.14350453172205438,0.9948453608247423,1.0,343.7015976905823,Pegasos QSVC,200,500
