f1_test,f1_train,prec_train,prec_test,recall_train,recall_test,elapsed,model,tau,C
0.26301369863013696,0.5814266487213998,0.6084507042253521,0.17777777777777778,0.5567010309278351,0.5052631578947369,29.489288568496704,Pegasos QSVC,50,100
