size,model,runtime
157.8,QSVC,99.4639241695404
315.6,QSVC,410.9017472267151
473.4000000000001,QSVC,965.0213491916656
631.2,QSVC,1874.9913370609283
789.0,QSVC,3118.2092866897583
946.8,QSVC,4883.788236379623
1104.6000000000001,QSVC,7433.716777801514
1262.4,QSVC,12107.955869674683
1420.2,QSVC,22555.985707759857
1578.0,QSVC,38584.82303524017
