size,model,runtime
157.8,SVC_linear,0.004896879196166992
315.6,SVC_linear,0.005140066146850586
473.4000000000001,SVC_linear,0.006586551666259766
631.2,SVC_linear,0.007648468017578125
789.0,SVC_linear,0.012003421783447266
946.8,SVC_linear,0.013774871826171875
1104.6000000000001,SVC_linear,0.014504432678222656
1262.4,SVC_linear,0.01412200927734375
1420.2,SVC_linear,0.014934062957763672
1578.0,SVC_linear,0.017879009246826172
