f1_test,f1_train,prec_train,prec_test,recall_train,recall_test,model,elapsed
0.8263473053892216,0.9208211143695015,0.9874213836477987,0.8518518518518519,0.8626373626373627,0.8023255813953488,Decision Tree,0.008133649826049805
