f1_test,f1_train,prec_train,prec_test,recall_train,recall_test,model,elapsed
0.8505747126436781,0.8607954545454546,0.8911764705882353,0.8409090909090909,0.8324175824175825,0.8604651162790697,Logistic Regression,0.01375269889831543
