f1_test,f1_train,prec_train,prec_test,recall_train,recall_test,elapsed,model,tau,C
0.6101694915254238,0.7796610169491526,0.6509433962264151,0.4426229508196721,0.971830985915493,0.9818181818181818,372.5933089256287,Pegasos QSVC,300,200
