f1_test,f1_train,prec_train,prec_test,recall_train,recall_test,elapsed,model,tau,C
0.8695652173913043,0.8536912751677852,0.8346456692913385,0.8163265306122449,0.8736263736263736,0.9302325581395348,933.7203328609468,Pegasos QSVC,400,100
