f1_test,f1_train,prec_train,prec_test,recall_train,recall_test,model,elapsed
0.8520710059171598,0.9333333333333332,0.9877300613496932,0.8674698795180723,0.8846153846153846,0.8372093023255814,Random Forest,0.0776219367980957
