f1_test,f1_train,prec_train,prec_test,recall_train,recall_test,model,elapsed
0.8488372093023255,0.916184971098266,0.9664634146341463,0.8488372093023255,0.8708791208791209,0.8488372093023255,Random Forest,0.1973583698272705
