size,model,runtime
55.6,Pegasos QSVC,137.4403932094574
111.2,Pegasos QSVC,202.31148290634155
166.8,Pegasos QSVC,249.78282690048218
222.4,Pegasos QSVC,253.4295163154602
278.0,Pegasos QSVC,270.9536819458008
333.59999999999997,Pegasos QSVC,284.64882040023804
389.20000000000005,Pegasos QSVC,286.05956268310547
444.8,Pegasos QSVC,284.7200171947479
500.40000000000003,Pegasos QSVC,283.73181986808777
556.0,Pegasos QSVC,268.3814072608948
