size,model,runtime
55.6,SVC_poly_3,0.0028417110443115234
111.2,SVC_poly_3,0.0021429061889648438
166.8,SVC_poly_3,0.0028629302978515625
222.4,SVC_poly_3,0.0031397342681884766
278.0,SVC_poly_3,0.0038416385650634766
333.59999999999997,SVC_poly_3,0.004476070404052734
389.20000000000005,SVC_poly_3,0.005709409713745117
444.8,SVC_poly_3,0.007301807403564453
500.40000000000003,SVC_poly_3,0.011377096176147461
556.0,SVC_poly_3,0.009499073028564453
