f1_test,f1_train,prec_train,prec_test,recall_train,recall_test,elapsed,model,tau,C
0.65625,0.6405959031657357,0.9942196531791907,1.0,0.4725274725274725,0.4883720930232558,138.2451388835907,Pegasos QSVC,300,750
