f1_test,f1_train,prec_train,prec_test,recall_train,recall_test,elapsed,model,tau,C
0.6538461538461539,0.6848541862652869,0.5207439198855508,0.4885057471264368,1.0,0.9883720930232558,6.29507303237915,Pegasos QSVC,50,200
