f1_test,f1_train,prec_train,prec_test,recall_train,recall_test,elapsed,model,tau,C
0.8554216867469879,0.8353293413173652,0.9177631578947368,0.8875,0.7664835164835165,0.8255813953488372,1740.6460390090942,Pegasos QSVC,400,1000
