f1_test,f1_train,prec_train,prec_test,recall_train,recall_test,elapsed,model,tau,C
0.6906906906906908,0.7762039660056657,0.8796147672552167,0.7666666666666667,0.6945500633713562,0.6284153005464481,0.983609676361084,Pegasos QSVC,20,1000
