f1_test,f1_train,prec_train,prec_test,recall_train,recall_test,elapsed,model,tau,C
0.7623529411764707,0.8641370869033048,0.8355029585798817,0.6694214876033058,0.8948035487959443,0.8852459016393442,2.34531831741333,Pegasos QSVC,20,500
