f1_test,f1_train,prec_train,prec_test,recall_train,recall_test,elapsed,model,tau,C
0.8260869565217392,0.8685415304120342,0.8972972972972973,0.8216216216216217,0.8415716096324461,0.8306010928961749,0.5795328617095947,Pegasos QSVC,10,500
