f1_test,f1_train,prec_train,prec_test,recall_train,recall_test,elapsed,model,tau,C
0.8375286041189932,0.9006849315068493,0.8193146417445483,0.7204724409448819,1.0,1.0,18.915498971939087,Pegasos QSVC,200,500
