f1_test,f1_train,prec_train,prec_test,recall_train,recall_test,elapsed,model,tau,C
0.7783783783783783,0.8367213114754098,0.8668478260869565,0.7700534759358288,0.8086185044359949,0.7868852459016393,20.730106830596924,Pegasos QSVC,100,10
