f1_test,f1_train,prec_train,prec_test,recall_train,recall_test,elapsed,model,tau,C
0.7973856209150326,0.7811023622047244,0.915129151291513,0.9104477611940298,0.6813186813186813,0.7093023255813954,8.217841863632202,Pegasos QSVC,50,750
