f1_test,f1_train,prec_train,prec_test,recall_train,recall_test,elapsed,model,tau,C
0.8361581920903955,0.871012482662968,0.8795518207282913,0.8131868131868132,0.8626373626373627,0.8604651162790697,307.61081409454346,Pegasos QSVC,400,200
