f1_test,f1_train,prec_train,prec_test,recall_train,recall_test,elapsed,model,tau,C
0.8095238095238095,0.8513689700130378,0.876510067114094,0.7846153846153846,0.8276299112801014,0.8360655737704918,1.9466230869293213,Pegasos QSVC,50,500
