f1_test,f1_train,prec_train,prec_test,recall_train,recall_test,elapsed,model,tau,C
0.6725663716814159,0.6798679867986799,0.5669724770642202,0.5428571428571428,0.8489010989010989,0.8837209302325582,3.2845280170440674,Pegasos QSVC,20,1000
