f1_test,f1_train,prec_train,prec_test,recall_train,recall_test,elapsed,model,tau,C
0.7065637065637066,0.8117283950617283,0.6831168831168831,0.5462686567164179,1.0,1.0,3.211426019668579,Pegasos QSVC,50,750
