f1_test,f1_train,prec_train,prec_test,recall_train,recall_test,elapsed,model,tau,C
0.8452655889145496,0.905638665132336,0.8292939936775553,0.732,0.9974651457541192,1.0,546.3493151664734,Pegasos QSVC,400,10
