f1_test,f1_train,prec_train,prec_test,recall_train,recall_test,elapsed,model,tau,C
0.8501529051987766,0.8600143575017947,0.9917218543046358,0.9652777777777778,0.7591888466413181,0.7595628415300546,97.63353395462036,Pegasos QSVC,200,10
