f1_test,f1_train,prec_train,prec_test,recall_train,recall_test,elapsed,model,tau,C
0.5133239831697054,0.6694951209164192,0.5031887755102041,0.3452830188679245,1.0,1.0,2.282172918319702,Pegasos QSVC,50,1000
