f1_test,f1_train,prec_train,prec_test,recall_train,recall_test,elapsed,model,tau,C
0.7956521739130434,0.8684645019262521,0.7675097276264592,0.6606498194945848,1.0,1.0,2.248671054840088,Pegasos QSVC,50,200
