f1_test,f1_train,prec_train,prec_test,recall_train,recall_test,elapsed,model,tau,C
0.7833333333333333,0.8525683789192795,0.9,0.7966101694915254,0.8098859315589354,0.7704918032786885,1.3601701259613037,Pegasos QSVC,20,200
