f1_test,f1_train,prec_train,prec_test,recall_train,recall_test,elapsed,model,tau,C
0.6878306878306878,0.6779661016949152,0.6451612903225806,0.6310679611650486,0.7142857142857143,0.7558139534883721,0.3358447551727295,Pegasos QSVC,10,1000
