f1_test,f1_train,prec_train,prec_test,recall_train,recall_test,elapsed,model,tau,C
0.08888888888888888,0.13333333333333333,1.0,1.0,0.07142857142857142,0.046511627906976744,9.725174903869629,Pegasos QSVC,50,100
