f1_test,f1_train,prec_train,prec_test,recall_train,recall_test,elapsed,model,tau,C
0.8361581920903955,0.8284518828451882,0.8413597733711048,0.8131868131868132,0.8159340659340659,0.8604651162790697,5.495429992675781,Pegasos QSVC,50,1000
