f1_test,f1_train,prec_train,prec_test,recall_train,recall_test,elapsed,model,tau,C
0.8461538461538463,0.8446215139442231,0.8174807197943444,0.8020833333333334,0.8736263736263736,0.8953488372093024,170.67956972122192,Pegasos QSVC,300,500
