f1_test,f1_train,prec_train,prec_test,recall_train,recall_test,elapsed,model,tau,C
0.7958115183246074,0.8125,0.7454128440366973,0.7238095238095238,0.8928571428571429,0.8837209302325582,77.14679002761841,Pegasos QSVC,200,1000
