f1_test,f1_train,prec_train,prec_test,recall_train,recall_test,elapsed,model,tau,C
0.8253164556962025,0.880550343964978,0.8691358024691358,0.7688679245283019,0.8922686945500634,0.8907103825136612,187.2571680545807,Pegasos QSVC,300,10
