f1_test,f1_train,prec_train,prec_test,recall_train,recall_test,elapsed,model,tau,C
0.7763157894736842,0.8131868131868132,0.9487179487179487,0.8939393939393939,0.7115384615384616,0.686046511627907,94.55255770683289,Pegasos QSVC,200,750
