size,model,runtime
72.0,SVC_poly_5,0.008922576904296875
144.0,SVC_poly_5,0.008624553680419922
216.00000000000003,SVC_poly_5,0.007314205169677734
288.0,SVC_poly_5,0.01013803482055664
360.0,SVC_poly_5,0.02465534210205078
432.0,SVC_poly_5,0.030179977416992188
504.00000000000006,SVC_poly_5,0.02671074867248535
576.0,SVC_poly_5,0.039847373962402344
648.0,SVC_poly_5,0.0283050537109375
720.0,SVC_poly_5,0.058431386947631836
