f1_train,f1_test,prec_train,prec_test,recall_train,recall_test,elapsed,feature_map_type,optimizer,objective_vals,Ansatz,Training time,Model,Max Iter,reps
0.7095592723721158,0.7107913669064748,0.5632874588098469,0.5678160919540229,0.9584432717678101,0.95,11312.101276159286,Pauli,cobyla,"[0.9866457593259174, 0.9892075741769691, 0.9866780108669548, 0.9880731819676778, 0.9894457249204816, 0.9866457593259176, 0.9866457593259178, 0.9866457593259177, 0.9879690798826477, 0.9877835495025604, 0.9866457593259177, 0.9844078354958555, 0.9913606403338886, 0.9828143606341126, 0.9828613495664232, 0.9828143606341126, 0.9828143606341126, 0.9828143606341123, 0.9863252742923261, 0.9831385286082364, 0.9828143606341124, 0.9796518575940978, 0.979651857594098, 0.979651857594098, 0.9796518575940978, 0.9796518575940977, 0.9796518575940975, 0.9796518575940975, 0.9796518575940975, 0.9796518575940975, 0.9796518575940975, 0.9900069354961678, 0.9880551288565725, 0.9862707799525954, 0.9873743355237563, 0.9826945982211628, 0.9796518575940965, 0.9729821917773823, 0.9729821917773828, 0.9776557506740963, 0.9729821917773823, 0.9812966843937523, 0.9729821917773822, 0.974940862431249, 0.9807530333569049, 0.9791782757668755, 0.9726088104241498, 0.9733987904524279, 0.9726088104241498, 0.9727334045736132, 0.9726088104241496, 0.9723750829209891, 0.9723750829209892, 0.9822640584344741, 0.9723750829209883, 0.9777233696646205, 0.9723750829209882, 0.9695741137744464, 0.9695741137744464, 0.9697721144443139, 0.9695741137744458, 0.9727914688308535, 0.9695741137744455, 0.9749012945265869, 0.9695741137744455, 0.9769070062474657, 0.9695741137744455, 0.9742684279990842, 0.9695741137744455, 0.9818738008717974, 0.9758056147629763, 0.9719129399391494, 0.9702020569008131, 0.9676796700398439, 0.9676182144768954, 0.9674909368949887, 0.9715056979608092, 0.9676034605779713, 0.9706761824726923, 0.9674909368949882, 0.9645972213550335, 0.9656196151024287, 0.9645972213550332, 0.9657290602054771, 0.9645972213550335, 0.9642870738134725, 0.9642870738134728, 0.9650666965100575, 0.964287073813473, 0.9646584113458272, 0.9646789113657931, 0.9674582592657776, 0.9651776424318224, 0.9611391242337926, 0.9615960683995013, 0.962502830102637, 0.9624698989524615, 0.9611391242337918, 0.9619063521024688, 0.9611391242337922]",n_local,11312.101276159286,VQC,100,2
