f1_train,f1_test,prec_train,prec_test,recall_train,recall_test,elapsed,feature_map_type,optimizer,objective_vals,Ansatz,Training time,Model,Max Iter,reps
0.7149614139905404,0.7170923379174852,0.5741703318672531,0.5812101910828026,0.9472295514511874,0.9358974358974359,12288.4510140419,Pauli,cobyla,"[0.9982865909028081, 0.9957650968597632, 0.9920959153773183, 1.0034733896101418, 0.9909743385713828, 0.990974338571383, 0.990974338571383, 0.9909743385713826, 0.9876345067500811, 0.9873895411097924, 0.9873895411097924, 0.9748207982500806, 0.9764508818060614, 0.9685764462232646, 0.9686223969392541, 0.9685764462232646, 0.9685764462232647, 0.9685764462232642, 0.9720537265354914, 0.9692856182660652, 0.9685764462232646, 0.9691130729933098, 0.9714832644034382, 0.9725994302557447, 0.9684781144912308, 0.9684781144912311, 0.9684781144912308, 0.9684781144912311, 0.9739034985416819, 0.9687326630544283, 0.9684781144912308, 0.980759507310999, 0.9684781144912311, 0.9684781144912311, 0.9684781144912308, 0.9684781144912304, 0.9684781144912303, 0.9684781144912303, 0.9684781144912302, 0.9684781144912302, 0.9684781144912302, 0.9782307905887819, 0.9699477359780667, 0.9693512511395511, 0.9679038659570278, 0.9781841939892383, 0.9679038659570283, 0.9737445386366269, 0.9679038659570279, 0.9736508731002602, 0.9714955414318491, 0.9728235138521517, 0.9719910421741064, 0.9728130204496553, 0.9689761110603595, 0.9717165790066861, 0.9679038659570278, 0.9686035099720292, 0.9679038659570279, 0.9696374864857907, 0.9679038659570279, 0.9710162881650302, 0.9685030706311707, 0.9706913831487228, 0.967903865957028, 0.9776812575373662, 0.9772647904676115, 0.9674473630323801, 0.965615338419613, 0.9655745484209414, 0.9617917437284272, 0.9648806135215402, 0.9617989159219755, 0.9646046288863255, 0.9617917437284276, 0.9607026319921702, 0.9607026319921699, 0.964285179803461, 0.9607026319921702, 0.9621993051541179, 0.9607026319921698, 0.9611896532269905, 0.9607026319921698, 0.9610140307557626, 0.9607026319921699, 0.96176709245738, 0.9607026319921695, 0.9616594085970608, 0.9607026319921699, 0.9578764127737688, 0.9612236168119368, 0.9578764127737688, 0.9607814448009088, 0.9578764127737691, 0.958395226578473, 0.9578764127737688, 0.9587310309108392, 0.9578764127737688, 0.9563718866189124, 0.9563718866189125]",n_local,12288.4510140419,VQC,100,3
