f1_train,f1_test,prec_train,prec_test,recall_train,recall_test,elapsed,feature_map_type,optimizer,objective_vals,Ansatz,Training time,Model,Max Iter,reps
0.606473594548552,0.07231404958677687,0.5760517799352751,0.03858875413450937,0.6402877697841727,0.5737704918032787,756.925409078598,Pauli,cobyla,"[0.9992683127274382, 0.9970850105804145, 1.001382871846351, 0.9983300521310834, 0.9971030040382188, 0.9970850105804143, 0.9970850105804143, 0.9989222797660732, 0.9975271799378411, 0.9970850105804145, 0.9969889303348239, 0.9969889303348237, 0.9969889303348235, 0.9969889303348235, 0.9969889303348235, 0.9969889303348235, 0.9969889303348235, 0.9969889303348235, 0.9969889303348235, 0.9969666122553852, 0.9991303042943942, 1.0047613288878703, 0.996899659066059, 0.9969027462749873, 0.995589114573241, 0.9978536739929034, 0.9955891145732416, 0.9970878913303122, 0.9955891145732412, 1.000075988329631, 0.9955891145732406, 0.9969868859969322, 0.9954630707268423, 0.9966879114083965, 0.9958700509300084, 0.9969404924856891, 0.9958471760376972, 0.9954630707268427, 0.9957996116938993, 0.9954630707268427, 0.9954827801289493, 0.9954630707268425, 0.9957030400823152, 0.9954630707268423, 0.9959584477257877, 0.9954630707268427, 0.9956275580422494, 0.9954630707268423, 0.9956470730064805, 0.9957596657822868, 0.9958111242736812, 0.995463070726842, 0.9953609616349467, 0.9953609616349467, 0.9955969622070949, 0.9954645824885107, 0.9950211281769565, 0.9946545297164439, 0.9948215591214723, 0.9944767981291672, 0.9940361782021618, 0.9939731581314286, 0.9937957554621575, 0.9930339723483054, 0.9918225311570096, 0.9906298493441229, 0.9893526798101383, 0.9879656570794245, 0.9865699683266664, 0.9852684856307729, 0.9843317920182404, 0.9839290180902515, 0.9852506093030012, 0.9839290180902522, 0.9829960233515516, 0.9829960233515516, 0.9836100689018215, 0.9829960233515508, 0.9829594839843308, 0.9829594839843317, 0.9860280146151936, 0.9829594839843308, 0.9828402920064264, 0.982840292006426, 0.983066789111076, 0.9831142079686839, 0.9817916310803757, 0.9810940642305856, 0.9780205390176286, 0.9765936430829181, 0.9756661623878976, 0.9763209919222071, 0.9756661623878978, 0.9732261674731142, 0.972022796937951, 0.9715199272209087, 0.9715199272209087, 0.9705537876996772, 0.9705537876996769, 0.9708452843296185]",n_local,756.925409078598,VQC,100,1
