f1_train,f1_test,prec_train,prec_test,recall_train,recall_test,elapsed,feature_map_type,optimizer,objective_vals,Ansatz,Training time,Model,Max Iter,reps
0.6498054474708173,0.0881057268722467,0.7076271186440678,0.04838709677419355,0.6007194244604317,0.4918032786885246,962.4031801223755,Pauli,cobyla,"[1.0058114381106618, 1.0322325554158305, 0.9989332725492847, 1.0072939849106581, 1.0018371708416638, 0.998165642553494, 1.005989472504224, 1.0030547253768929, 0.9954634549579505, 0.9953334005767549, 0.996369385764274, 0.9966891405525827, 0.9928732286897882, 0.9666340742284403, 0.9660249483767755, 0.9654641574517846, 0.9755099001772484, 0.9755335333481854, 0.9682626180825609, 0.9672187306642874, 0.9659652991427559, 0.9610381978996895, 0.9633561735305105, 0.9680878601476667, 0.961760174761182, 0.9922759482885938, 0.9610381978996895, 0.961038197899689, 0.9610381978996893, 0.961038197899689, 0.9610381978996893, 0.9610381978996893, 0.961038197899689, 0.9610381978996895, 0.9610381978996895, 0.9610381978996895, 0.961038197899689, 0.9600057225386951, 0.9590110022799373, 0.9818918381748815, 0.9878584597863574, 0.9463799293721789, 0.9510292726946363, 0.9587228404836257, 0.9545674762863865, 0.9584315035451738, 0.954164037685139, 0.9722265316643208, 0.9601713844132337, 0.9725135638309823, 0.9465340015590353, 0.9604770497682494, 0.9470320871158396, 0.9465174910143684, 0.9456468819827596, 0.959084644530178, 0.943918458793503, 0.9787099945128096, 0.9432191744888997, 0.9370430389047103, 0.9364859935369914, 0.9418142513749909, 0.9367944993395109, 0.936375638561599, 0.936375638561599, 0.9688781325989193, 0.9363756385615986, 0.9575401969796377, 0.936375638561599, 0.9553151547679275, 0.9363756385615988, 0.9480253060685426, 0.9363756385615986, 0.9451130661024956, 0.9363756385615986, 0.9420345029211566, 0.9363756385615992, 0.953286388904965, 0.936375638561599, 0.9394760222892075, 0.9363756385615986, 0.9403856479305437, 0.9405139975764759, 0.9486862490972278, 0.9380442497314939, 0.935879731357035, 0.9458927094536834, 0.9354753861890068, 0.9442798463101373, 0.9366993954760029, 0.9467250913584604, 0.9342110655830085, 0.9426379551338395, 0.9369624237563834, 0.933985979290888, 0.9340782496009598, 0.9377477363702132, 0.9338528969547287, 0.933164412353072, 0.9335038966603975]",su2,962.4031801223755,VQC,100,2
