f1_train,f1_test,prec_train,prec_test,recall_train,recall_test,elapsed,feature_map_type,optimizer,objective_vals,Ansatz,Training time,Model,Max Iter,reps
0.7098568052273043,0.7113062568605928,0.6135544340302812,0.6218809980806143,0.8420184696569921,0.8307692307692308,21856.911325216293,Pauli,cobyla,"[0.9951585257975473, 1.0156646904287003, 0.9982303465260386, 0.9890071164420859, 0.9935620366134975, 0.9955004942133554, 0.9925903917861209, 0.9893529650339726, 0.9903007155769985, 0.9894858199999985, 0.9939528513913577, 0.9891071277910526, 0.9851950504371365, 0.9821307224968293, 0.9891944102519691, 0.9904616504921661, 0.980930661738538, 0.9843735543111325, 0.9838334337879574, 0.9880543174244085, 0.9817602215920835, 0.981067576314794, 0.9847913620461544, 0.980469426951564, 0.9895699144046343, 0.9818134765354964, 0.9951204085102368, 0.9788188435120457, 0.9893856296306509, 0.9864334520146927, 0.9802629710714845, 0.9837345075317324, 0.9823663188161924, 0.9830389734614213, 0.9790300458542716, 0.9838358868417155, 0.9811943873468717, 0.9860469340539019, 0.9810357624719289, 0.9775420865085831, 0.9842232697231366, 0.9821618815530191, 0.9834099819815699, 0.9789219494583533, 0.977542086508583, 0.977542086508583, 0.9775420865085831, 0.9775420865085829, 0.977542086508583, 0.9775420865085831, 0.9775420865085829, 0.9775420865085829, 0.977542086508583, 0.977542086508583, 0.9775420865085833, 0.9775420865085831, 0.9775420865085831, 0.9865110725274994, 0.9794854339458718, 0.9956630872047385, 0.9839370272195931, 0.9828914939255088, 0.9788266137748475, 0.978507854792258, 0.9790473250619712, 0.9842818699156293, 0.9773635662071506, 0.9881029721333247, 0.9804369816390539, 0.9803401835590703, 0.979865475872473, 0.9766113586261281, 0.980947194583023, 0.9804127744866032, 0.9773110129248057, 0.9882742223991822, 0.9752702822072989, 0.9788382220539366, 0.9777728237351889, 0.9755924734211477, 0.9780805360090099, 0.9839863952732535, 0.9758149497547473, 0.9830406542321157, 0.9796966345192553, 0.97931984900963, 0.9772847692356306, 0.9798841887394572, 0.9743141044848113, 0.9802109465261046, 0.9769603821738312, 0.9730328905124143, 0.9728593904212876, 0.982982370399623, 0.9736952459865681, 0.9761513886158656, 0.9740549607410751, 0.9794310705404329, 0.987910095133485, 0.973052881382552]",su2,21856.911325216293,VQC,100,3
