f1_train,f1_test,prec_train,prec_test,recall_train,recall_test,elapsed,feature_map_type,optimizer,objective_vals,Ansatz,Training time,Model,Max Iter,reps
0.6325823223570191,0.6320054017555705,0.66654492330168,0.6676176890156919,0.6019129287598944,0.6,16172.2436273098,Pauli,cobyla,"[0.9955071123141361, 0.9968499301903374, 0.9959965751253311, 0.9961632010580947, 0.999328887541298, 0.9903005616386819, 0.993976463340337, 0.9980833368439858, 0.9822904249589849, 0.9929432274731342, 0.9876114814734318, 0.9864284064549734, 0.9969212371765106, 0.9934468868465035, 0.9899045143673387, 0.9946083600601016, 0.9866346929224087, 0.9810266584431955, 0.9772516524338147, 0.9751006066786538, 0.9735063101463136, 0.972642016404454, 0.9714990231532593, 0.9767997685612806, 0.9809146935337322, 0.9801919001764235, 0.9884001612847099, 0.9741675981590853, 0.9910629206185688, 0.9808636786705414, 0.9714990231532593, 0.9714990231532593, 0.9714990231532596, 0.9714990231532596, 0.9714990231532596, 0.9714990231532594, 0.9714990231532594, 0.9714990231532593, 0.9714990231532596, 0.9714990231532593, 0.9714990231532593, 0.9714990231532593, 0.9714990231532596, 0.972256846227224, 0.9806693125035976, 0.9909078692187586, 0.9747830548885772, 0.9770908795734077, 0.9810918834228126, 0.9792462909766474, 0.9693487788583174, 0.984951742206755, 0.9643475353813562, 0.9737724371275474, 0.9685295876021146, 0.973424345811446, 0.9652902300246609, 0.9783856849192376, 0.9645015823644565, 0.9747038722379929, 0.9667039301105651, 0.978420025153943, 0.9695612092280724, 0.9714873565924731, 0.9647594809334098, 0.9619408327696114, 0.9629640355863958, 0.9626164817272819, 0.9661920363203987, 0.9641294625883599, 0.965541701669625, 0.9609767002375353, 0.9618289920894479, 0.9624412083366795, 0.9581051792620663, 0.9594522413585078, 0.9685767566178485, 0.9598560237348208, 0.9591608072651213, 0.9591864826144271, 0.9645217438732644, 0.9577310809577173, 0.9559130465495149, 0.956479436058653, 0.9618653746094196, 0.9554572352293779, 0.954425438528475, 0.9544254385284747, 0.9542000902430503, 0.9542000902430506, 0.9546197532813344, 0.9542000902430503, 0.9547081701809392, 0.9542000902430505, 0.9548298297703637, 0.9542000902430506, 0.9550040100857637, 0.952366602849667, 0.9537225396390847, 0.9527306587325266]",su2,16172.2436273098,VQC,100,2
