f1_train,f1_test,prec_train,prec_test,recall_train,recall_test,elapsed,feature_map_type,optimizer,objective_vals,Ansatz,Training time,Model,Max Iter,reps
0.6231647634584013,0.07002561912894961,0.5701492537313433,0.036936936936936934,0.6870503597122302,0.6721311475409836,871.3611733913422,Pauli,cobyla,"[1.010308045042619, 1.0393687669611338, 1.0025255401853141, 1.011515668977906, 0.9928493860650511, 0.9970809909084134, 1.0028325045514626, 1.0110838263654771, 0.9984649373111069, 1.0080322891903855, 1.0053293613287089, 1.0021777772139393, 1.0008297367650902, 0.9914336396246978, 0.9914336396246978, 0.9914336396246979, 0.9914336396246975, 0.9914336396246978, 0.9914336396246975, 0.9914336396246975, 0.9914336396246975, 0.9914336396246979, 0.9914336396246975, 0.9914336396246975, 0.9914336396246975, 1.0046536535388775, 0.9963832559477427, 1.0082484982417754, 0.9941094360184156, 0.9928090970702091, 0.9945113827092302, 0.9892747087147005, 0.9937288964158891, 0.9870689231622133, 0.9975104911312361, 0.9894326910501484, 0.9890859633493734, 0.9895437333414892, 0.9878296782355671, 0.9870689231622135, 0.9804013264364642, 0.9818610600819103, 0.9804013264364644, 0.9850514152090546, 0.9804013264364648, 0.9820728436997778, 0.9804013264364639, 0.9821304504982167, 0.9804013264364648, 0.9910165444621741, 0.9804013264364639, 0.9844778232148482, 0.9804013264364635, 0.9796802518141823, 0.9796802518141823, 0.9808227615987647, 0.9796802518141823, 0.9826642350824529, 0.9796802518141825, 0.980132410355951, 0.9808113267371109, 0.9859662605958333, 0.9791592566360864, 0.979481799728129, 0.9799735711282065, 0.9784200099140877, 0.9784200099140882, 0.9795095028637707, 0.9789350894194799, 0.9871188675515378, 0.9780261599437857, 0.978506027522164, 0.9799372351535149, 0.9786615269464142, 0.9783665514817225, 0.9780261599437855, 0.9783931176020269, 0.9780261599437852, 0.9788653660486962, 0.9780261599437876, 0.9803553824066661, 0.9780261599437867, 0.9803171877983856, 0.9773110267788245, 0.9768639523794856, 0.9769556010076803, 0.9763439621606539, 0.9764231860674937, 0.9742812240726931, 0.9734911325241373, 0.9735436625136177, 0.9730045083535606, 0.9740285355273651, 0.9733133804012182, 0.973004508353562, 0.9747457021155848, 0.9720554556604318, 0.9696173325593551, 0.969095416196987, 0.9718289571990302]",su2,871.3611733913422,VQC,100,1
