f1_train,f1_test,prec_train,prec_test,recall_train,recall_test,elapsed,feature_map_type,optimizer,objective_vals,Ansatz,Training time,Model,Max Iter,reps
0.7155963302752293,0.7204666990763247,0.5733015494636472,0.5802662490211433,0.9518469656992085,0.95,13538.573926448822,Pauli,cobyla,"[1.0093994267349489, 1.0097192964774158, 0.9973334996045691, 0.9930015904994607, 0.9930015904994607, 0.9930015904994607, 0.9930015904994604, 0.9930015904994605, 1.0041798694983946, 0.9974168174658705, 0.9994020206208816, 0.9930015904994604, 0.9930015904994604, 0.9930015904994607, 0.9930015904994602, 0.9951788723564394, 1.0240434003694314, 0.9930015904994604, 0.9930015904994604, 0.9930015904994604, 0.9930015904994602, 0.9930015904994602, 1.0041168538760863, 0.9875176355822575, 0.9875176355822576, 0.9875176355822575, 0.9875176355822577, 0.9875176355822577, 0.9875176355822577, 0.9886312552524087, 0.9875176355822575, 0.9875176355822577, 0.9875176355822577, 0.9875176355822575, 0.9875176355822577, 0.9875176355822577, 0.9875176355822577, 0.9875176355822575, 0.9875176355822577, 0.9875176355822575, 0.9875176355822575, 0.9875176355822577, 0.9875176355822575, 0.9884282742366272, 0.9902019020451522, 0.9962653050887865, 0.9860564009173953, 0.9863778333970257, 0.9865840538288421, 0.9850230731902139, 0.9881863919366791, 0.9850230731902135, 0.9864428136371992, 0.9850230731902135, 0.9911029942863572, 0.9850230731902139, 0.9873013868230931, 0.9850230731902138, 0.9856200483397883, 0.9850230731902133, 0.984359805996823, 0.9843598059968229, 0.9839316882510359, 0.9839316882510359, 0.9833380772830322, 0.9833380772830335, 0.9834713995607189, 0.9827283720457287, 0.9878075330418524, 0.9836663542157889, 0.9809350185633373, 0.9821335998432628, 0.9806759946708908, 0.9808737969931677, 0.9941143144707966, 0.9807754368572951, 0.9772041019542134, 0.987034968190217, 0.9772550618377266, 0.9746867045492326, 0.9740670206222829, 0.9753227350706374, 0.9736881400399168, 0.9718758891804729, 0.9718758891804731, 0.9716281690994225, 0.9716281690994223, 0.9714221634398316, 0.9714221634398309, 0.9712948911485234, 0.9712948911485239, 0.9713248830680218, 0.9712948911485234, 0.9713937977615384, 0.9712948911485229, 0.9716772734512923, 0.9700927220065082, 0.9729907041414195, 0.9700927220065091, 0.9702113975818307]",two_local,13538.573926448822,VQC,100,2
