f1_train,f1_test,prec_train,prec_test,recall_train,recall_test,elapsed,feature_map_type,optimizer,objective_vals,Ansatz,Training time,Model,Max Iter,reps
0.6464756213499933,0.6461876028524409,0.5495266682059571,0.5647171620325983,0.7849604221635884,0.7551282051282051,16910.956722974777,Pauli,cobyla,"[1.002604357775895, 1.0086113506336014, 1.001466462480054, 1.0051820189363825, 1.0033082442208199, 1.0014664624800542, 1.001466462480054, 1.001466462480054, 1.0106694006627102, 0.988168087106077, 1.016332222906769, 0.9970709768375301, 0.9881680871060768, 0.988168087106077, 0.988168087106077, 1.005154331032038, 0.9961339035588992, 0.995156455265882, 0.9881680871060768, 0.9881680871060771, 0.988168087106077, 0.988168087106077, 1.0027661944446093, 0.9926555959660426, 0.9871346097347357, 0.9871346097347357, 0.9871346097347358, 0.9871346097347358, 0.9871346097347358, 0.98473831316423, 0.9946455767747728, 0.98473831316423, 0.9847383131642303, 0.98473831316423, 0.9847383131642303, 0.9847383131642303, 0.9836947164695728, 0.98494871148985, 0.9836947164695728, 0.9836947164695728, 0.9836947164695728, 0.9836947164695728, 0.9836947164695728, 0.9869651591080929, 0.9836947164695731, 0.9836947164695731, 0.9836947164695731, 0.9836947164695726, 0.9836947164695726, 0.9836947164695722, 0.9836947164695722, 0.9836947164695725, 0.9836947164695722, 0.9836947164695724, 0.9836947164695722, 0.9836947164695725, 0.9836947164695722, 0.9851195063782987, 0.9828621990694226, 0.9968159814849318, 0.9838645463408997, 1.0048316894801739, 0.9827931058385344, 0.9852411222919047, 0.9827931058385345, 0.9815503580628124, 0.9815503580628121, 0.9873783776462306, 0.9845519513129803, 0.9892412531600332, 0.987575407688281, 0.9813101880857902, 0.9875041899665855, 0.984674139317524, 0.9813101880857902, 0.9962384878994168, 0.9813101880857893, 0.9904776753468294, 0.9813101880857895, 0.9877260631782186, 0.9813101880857894, 0.9833012245349636, 0.9813101880857893, 0.9832982337615537, 0.9813101880857897, 0.9848673529534541, 0.9813101880857895, 0.986417964496724, 0.9813101880857893, 0.9903122457285088, 0.9813101880857902, 0.9982483172660687, 0.9813101880857902, 0.9917708491705681, 0.9813101880857895, 0.9973948105656046, 0.9813101880857891, 0.9856376423693791, 0.9813101880857893, 0.9849238745384201]",two_local,16910.956722974777,VQC,100,3
