f1_train,f1_test,prec_train,prec_test,recall_train,recall_test,elapsed,feature_map_type,optimizer,objective_vals,Ansatz,Training time,Model,Max Iter,reps
0.4044943820224719,0.08030592734225622,0.5389221556886228,0.045454545454545456,0.3237410071942446,0.3442622950819672,824.551609992981,Pauli,cobyla,"[1.005901332553444, 1.0464922122975635, 1.0023482917619273, 1.002348291761927, 1.0023482917619269, 1.002348291761927, 1.0023482917619269, 1.0039990616094023, 1.0036886764847166, 1.0023482917619269, 1.0023482917619269, 1.0023482917619269, 1.0023482917619269, 1.0096886283002509, 1.0023482917619269, 1.0023482917619269, 1.0023482917619269, 1.0023482917619269, 1.0023482917619269, 1.0023482917619269, 1.0023482917619269, 1.002348291761927, 1.002348291761927, 1.002348291761927, 1.002348291761927, 1.0253795490467488, 1.0188394139700694, 1.0006962598071645, 1.0041784289890872, 1.0006962598071645, 0.998992462065863, 0.997882543968652, 0.9925057209174446, 0.9904530335214015, 0.98867743445795, 0.9882687885296705, 0.9882687885296707, 0.9884629852797066, 0.98826878852967, 0.9884682121979023, 0.98826878852967, 0.9884737075448501, 0.9882687885296705, 0.9884794912848899, 0.9882687885296705, 0.9884855853031101, 0.9882687885296703, 0.988492013629442, 0.9882687885296703, 0.9884988026930323, 0.98826878852967, 0.9885059816114603, 0.9882687885296703, 0.9885135825200801, 0.9882687885296703, 0.989593117655718, 0.9883013160005781, 0.9882639866209764, 0.9881929669021317, 0.9882512009776226, 0.9881556503750774, 0.9881385599751469, 0.9881550964485604, 0.9881385961704602, 0.9881932137628628, 0.9881385918689717, 0.988202783181608, 0.9881385882121422, 0.98821594837564, 0.9881385850856923, 0.9882348638907807, 0.9881385599751462, 0.9881449079032195, 0.988138559975144, 0.9881034542890322, 0.9881034542890322, 0.9881496713997904, 0.9881034542890328, 0.9882042784980045, 0.988103454289033, 0.9881861089080882, 0.9881034542890338, 0.9882973036140597, 0.9881034542890318, 0.9880781687985608, 0.9880781687985604, 0.9880689943791792, 0.988093302151805, 0.9881225481756191, 0.9880926811355876, 0.9880597781234987, 0.9883115214216858, 0.9879646268364422, 0.9879647807498654, 0.988106201538279, 0.9879647481760923, 0.9880099690957543, 0.9879647353740215, 0.987977337876044, 0.9879645578167728]",two_local,824.551609992981,VQC,100,1
