size,model,runtime
604.7,vqc_su2_cobyla,2223.9790012836456
1382.1714285714288,vqc_su2_cobyla,5007.604537010193
2159.6428571428573,vqc_su2_cobyla,8755.44219994545
2937.114285714286,vqc_su2_cobyla,11660.178436994553
3714.5857142857144,vqc_su2_cobyla,14471.740726470947
4492.057142857143,vqc_su2_cobyla,17205.97300028801
5269.528571428572,vqc_su2_cobyla,19318.6682138443
6047.0,vqc_su2_cobyla,21972.255531311035
