num_features,model,runtime
1.0,SVC_poly_5,0.05603981018066406
2.0,SVC_poly_5,0.20689010620117188
3.0,SVC_poly_5,0.3145010471343994
4.0,SVC_poly_5,0.059415340423583984
5.0,SVC_poly_5,0.053076982498168945
6.0,SVC_poly_5,0.04578447341918945
7.0,SVC_poly_5,0.06502103805541992
