f1_test,f1_train,prec_train,prec_test,recall_train,recall_test,elapsed,model,tau,C
0.3368421052631579,0.6106442577030813,0.7569444444444444,0.4,0.5117370892018779,0.2909090909090909,104.66881990432739,Pegasos QSVC,100,200
