f1_test,f1_train,prec_train,prec_test,recall_train,recall_test,elapsed,model,tau,C
0.4220183486238532,0.4215053763440861,0.9702970297029703,1.0,0.2692307692307692,0.26744186046511625,140.58413791656494,Pegasos QSVC,300,1000
