f1_test,f1_train,prec_train,prec_test,recall_train,recall_test,elapsed,model,tau,C
0.8313253012048193,0.848575712143928,0.933993399339934,0.8625,0.7774725274725275,0.8023255813953488,1446.8898270130157,Pegasos QSVC,400,500
