f1_test,f1_train,prec_train,prec_test,recall_train,recall_test,elapsed,model,tau,C
0.819672131147541,0.8146143437077131,0.8026666666666666,0.7731958762886598,0.8269230769230769,0.872093023255814,32.616623878479004,Pegasos QSVC,100,100
