f1_test,f1_train,prec_train,prec_test,recall_train,recall_test,elapsed,model,tau,C
0.8369565217391304,0.8579234972677596,0.8532608695652174,0.7857142857142857,0.8626373626373627,0.8953488372093024,191.37945103645325,Pegasos QSVC,300,100
