f1_test,f1_train,prec_train,prec_test,recall_train,recall_test,elapsed,model,tau,C
0.8098159509202453,0.8533333333333333,0.9260450160771704,0.8571428571428571,0.7912087912087912,0.7674418604651163,171.160010099411,Pegasos QSVC,300,200
