f1_test,f1_train,prec_train,prec_test,recall_train,recall_test,elapsed,model,tau,C
0.5314009661835749,0.6484018264840182,0.4797297297297297,0.3618421052631579,1.0,1.0,77.01111125946045,Pegasos QSVC,100,500
