f1_test,f1_train,prec_train,prec_test,recall_train,recall_test,elapsed,model,tau,C
0.5263157894736842,0.6051136363636364,0.43380855397148677,0.35714285714285715,1.0,1.0,2.4871339797973633,Pegasos QSVC,20,1000
