f1_test,f1_train,prec_train,prec_test,recall_train,recall_test,elapsed,model,tau,C
0.7826086956521738,0.7526555386949924,0.8406779661016949,0.84,0.6813186813186813,0.7325581395348837,2.234881639480591,Pegasos QSVC,20,200
