f1_test,f1_train,prec_train,prec_test,recall_train,recall_test,elapsed,model,tau,C
0.8114285714285714,0.8587257617728531,0.8659217877094972,0.797752808988764,0.8516483516483516,0.8255813953488372,134.01591205596924,Pegasos QSVC,200,100
