f1_test,f1_train,prec_train,prec_test,recall_train,recall_test,elapsed,model,tau,C
0.6919831223628692,0.7240293809024134,0.5857385398981324,0.543046357615894,0.9478021978021978,0.9534883720930233,15.372102737426758,Pegasos QSVC,50,10
