f1_test,f1_train,prec_train,prec_test,recall_train,recall_test,elapsed,model,tau,C
0.6815642458100559,0.7627785058977721,0.7293233082706767,0.6559139784946236,0.7994505494505495,0.7093023255813954,0.2741239070892334,Pegasos QSVC,10,750
