f1_test,f1_train,prec_train,prec_test,recall_train,recall_test,elapsed,model,tau,C
0.6299212598425197,0.5965583173996176,0.9811320754716981,0.975609756097561,0.42857142857142855,0.46511627906976744,73.2437858581543,Pegasos QSVC,200,500
