f1_test,f1_train,prec_train,prec_test,recall_train,recall_test,elapsed,model,tau,C
0.8050314465408805,0.8489425981873113,0.9429530201342282,0.8767123287671232,0.771978021978022,0.7441860465116279,1043.1587150096893,Pegasos QSVC,400,750
