f1_test,f1_train,prec_train,prec_test,recall_train,recall_test,elapsed,model,tau,C
0.6142857142857143,0.6589018302828619,0.8354430379746836,0.7962962962962963,0.5439560439560439,0.5,0.655602216720581,Pegasos QSVC,10,200
