f1_test,f1_train,prec_train,prec_test,recall_train,recall_test,elapsed,model,tau,C
0.7721518987341772,0.8235294117647057,0.9130434782608695,0.8472222222222222,0.75,0.7093023255813954,16.92274785041809,Pegasos QSVC,100,750
