f1_test,f1_train,prec_train,prec_test,recall_train,recall_test,elapsed,model,tau,C
0.8076923076923077,0.8382126348228044,0.9543859649122807,0.9,0.7472527472527473,0.7325581395348837,92.16241574287415,Pegasos QSVC,200,200
