f1_test,f1_train,prec_train,prec_test,recall_train,recall_test,model,elapsed
0.4031620553359684,0.9446494464944649,0.9696969696969697,0.265625,0.920863309352518,0.8360655737704918,Decision Tree,0.00818490982055664
