f1_test,f1_train,prec_train,prec_test,recall_train,recall_test,model,elapsed
0.2,0.8321167883211679,0.8444444444444444,0.11609498680738786,0.8201438848920863,0.7213114754098361,Naive Bayes,0.005139589309692383
