f1_test,f1_train,prec_train,prec_test,recall_train,recall_test,elapsed,model,tau,C
0.2785714285714285,0.7852760736196319,0.909952606635071,0.1780821917808219,0.6906474820143885,0.639344262295082,146.0395369529724,Pegasos QSVC,300,750
