f1_test,f1_train,prec_train,prec_test,recall_train,recall_test,model,elapsed
0.43555555555555553,0.9560869286492725,0.9466802082010918,0.29878048780487804,0.9656824656824656,0.8032786885245902,Random Forest,0.9358272552490234
