f1_test,f1_train,prec_train,prec_test,recall_train,recall_test,model,elapsed
0.3586626139817629,0.9471830985915493,0.9275862068965517,0.22014925373134328,0.9676258992805755,0.9672131147540983,Random Forest,0.06932711601257324
