f1_test,f1_train,prec_train,prec_test,recall_train,recall_test,model,elapsed
0.40796019900497515,0.9699228791773779,0.9627455983669303,0.29285714285714287,0.9772079772079773,0.6721311475409836,SVC,708.7139399051666
