f1_test,f1_train,prec_train,prec_test,recall_train,recall_test,model,elapsed
0.3323442136498516,0.9288256227758006,0.9190140845070423,0.2028985507246377,0.9388489208633094,0.9180327868852459,SVC,0.028939008712768555
