f1_test,f1_train,prec_train,prec_test,recall_train,recall_test,model,elapsed
0.7930204572803852,0.8102484472049688,0.7655516431924883,0.7471655328798186,0.8604881266490765,0.8448717948717949,Random Forest,0.2105269432067871
