feature_map_type,train_score,val_score,f1_val,f1_train,prec_train,prec_val,recall_train,recall_val,Quantum Kernel,Model,tau,C
Pauli,0.5209677419354839,0.5064102564102564,0.02531645569620253,0.0804953560371517,1.0,1.0,0.041935483870967745,0.01282051282051282,Yes,PEGASOS,100,100
