feature_map_type,train_score,val_score,f1_val,f1_train,prec_train,prec_val,recall_train,recall_val,Quantum Kernel,Model,tau,C
Pauli,0.5516129032258065,0.5576923076923077,0.5369127516778522,0.5412541254125413,0.5540540540540541,0.5633802816901409,0.5290322580645161,0.5128205128205128,Yes,PEGASOS,20,1000
