feature_map_type,train_score,val_score,f1_val,f1_train,prec_train,prec_val,recall_train,recall_val,Quantum Kernel,Model,tau,C
Pauli,0.5080645161290323,0.46153846153846156,0.4473684210526316,0.48566610455311976,0.508833922261484,0.4594594594594595,0.4645161290322581,0.4358974358974359,Yes,PEGASOS,10,10
